<?xml version="1.0" encoding="UTF-8" ?>
<!DOCTYPE mapper PUBLIC "-//mybatis.org//DTD Mapper 3.0//EN" "http://mybatis.org/dtd/mybatis-3-mapper.dtd" >
<mapper namespace="com.sangeng.dao.UserDao">
    <insert id="insertUser">
        insert into user values(null,#{username},#{age},#{address})
    </insert>

    <update id="updateUser">
        update user set username = #{username},age = #{age},address = #{address} where id = #{id}
    </update>

    <delete id="deleteUser">
        delete from user where id = #{id}
    </delete>


    <select id="findById" resultType="com.sangeng.domain.User">
        select * from user where id = #{id}
    </select>

    <select id="findAll" resultType="com.sangeng.domain.User">
        select * from user
    </select>
</mapper>