<?xml version="1.0" encoding="UTF-8" ?>
<!DOCTYPE configuration
        PUBLIC "-//mybatis.org//DTD Config 3.0//EN"
        "http://mybatis.org/dtd/mybatis-3-config.dtd">
<configuration>

    <properties resource="jdbc.properties">
    </properties>


    <settings>
        <setting name="lazyLoadingEnabled" value="true"/>
         <setting name="cacheEnabled" value="true"/>
    </settings>
    <plugins>
        <!-- 注意：分页助手的插件  配置在通用馆mapper之前 -->
        <plugin interceptor="com.github.pagehelper.PageHelper">
            <!-- 指定方言 -->
            <property name="dialect" value="mysql"/>
        </plugin>
    </plugins>
    <!--<settings>-->
        <!--<setting name="mapUnderscoreToCamelCase" value="true"/>-->
    <!--</settings>-->
    <!--<typeAliases>-->
        <!--<package name="com.sangeng.pojo"></package>-->
    <!--</typeAliases>-->

    <environments default="development">
        <environment id="development">
            <transactionManager type="JDBC"/>
            <dataSource type="POOLED">
                <property name="driver" value="${jdbc.driver}"/>
                <property name="url" value="${jdbc.url}"/>
                <property name="username" value="${jdbc.username}"/>
                <property name="password" value="${jdbc.password}"/>
            </dataSource>
        </environment>
    </environments>

    <mappers>
        <!--<mapper resource="com/sangeng/dao/UserDao.xml"/>-->
        <!--<mapper resource="com/sangeng/dao/UserDao2.xml"/>-->
        <package name="com.sangeng.dao"></package>
    </mappers>
</configuration>