<?xml version="1.0" encoding="UTF-8" ?>
<!DOCTYPE mapper PUBLIC "-//mybatis.org//DTD Mapper 3.0//EN" "http://mybatis.org/dtd/mybatis-3-mapper.dtd" >
<mapper namespace="com.sangeng.dao.UserDao">


    <!--新增数据-->
    <insert id="insertUser">
        insert into user values (null,#{username},#{age},#{address})
    </insert>

    <!--修改数据-->
    <update id="updateUser">
        UPDATE USER
        <set>
            <if test="username!=null">
                username = #{username},
            </if>
            <if test="age!=null">
                age = #{age},
            </if>
            <if test="address!=null">
                address = #{address},
            </if>
        </set>
         WHERE id = #{id}
    </update>

    <!--删除数据-->
    <delete id="deleteById">
        delete from user where id = #{id}
    </delete>

    <sql id="baseSelect" >id,username,age,address</sql>
    <select id="findAll" resultType="com.sangeng.pojo.User">
        select <include refid="baseSelect"/>  from user
    </select>

    <select id="findById" resultType="com.sangeng.pojo.User" >
        select id,username,age,address,COUNT(*) user_count  from user where id = #{id}
    </select>

    <select id="findByUser" resultType="com.sangeng.pojo.User">
        select <include refid="baseSelect"/> from user where id = ${id} and username = ${username} and age = ${age} and address = ${address}
    </select>

    <select id="findByMap" resultType="com.sangeng.pojo.User">
        select id,username,age,address from user where id = #{id} and username = #{username} and age = #{age} and address = #{address}
    </select>


    <!--<select id="findByCondition" resultType="com.sangeng.pojo.User">-->
        <!--select * from user-->
        <!--<trim prefix="where" prefixOverrides="and|or">-->
            <!--<if test="id!=null">-->
                <!--id = #{id}-->
            <!--</if>-->
            <!--<if test="username!=null">-->
                <!--and username = #{username}-->
            <!--</if>-->
        <!--</trim>-->
    <!--</select>-->
    <select id="findByCondition" resultType="com.sangeng.pojo.User">
        select * from user
        <where>
            <if test="id!=null">
                id = #{id}
            </if>
            <if test="username!=null">
                and username = #{username}
            </if>
        </where>
    </select>


    <!--id in( ? , ? , ? , ?, ? )-->
    <select id="findByIds" resultType="com.sangeng.pojo.User">
        select * from User
        <where>
            <foreach collection="ids" open="id in( "  close=")" item="id" separator=",">
                #{id}
            </foreach>
        </where>

    </select>

    <select id="selectChose" resultType="com.sangeng.pojo.User">
        select * from user
        <where>
            <choose>
                <when test="id!=null">
                    id = #{id}
                </when>
                <when test="username!=null">
                    username = #{username}
                </when>
                <otherwise>
                    id = 3
                </otherwise>
            </choose>
        </where>
    </select>


</mapper>